key,enabled,identity,password,username
user-account-consumer-01,true,"UserIdentity{name: 'Peter', surname: 'Consumer', email: 'peter@acme.com'}",consumer1,consumer1
user-account-consumer-02,true,"UserIdentity{name: 'Mary', surname: '貸んい建濯よ芝弾テソ Λορεμ ιπσθμ', email: 'mary@acme.com'}",consumer2,consumer2
user-account-consumer-03,true,"UserIdentity{name: 'Manolo', surname: '之乎路可良 ᏥᏲᏎᎭ', email: 'manolo@acme.com'}",consumer3,consumer3
user-account-provider-01,true,"UserIdentity{name: 'Laurel', surname: 'Provider', email: 'laurel@acme.com'}",provider1,provider1
user-account-provider-02,true,"UserIdentity{name: 'Martina', surname: 'коза თხა', email: 'martina@acme.com'}",provider2,provider2
user-account-provider-03,true,"UserIdentity{name: 'Antonia', surname: 'אבטיח Æløzå', email: 'antonia@acme.com'}",provider3,provider3
user-account-manager-00,true,"UserIdentity{name: 'Daniel', surname: 'Torres', email: 'daniel@acme.com'}",manager0,manager0
user-account-manager-01,true,"UserIdentity{name: 'Marcos', surname: 'Herrera', email: 'marcos@acme.com'}",manager1,manager1
user-account-manager-02,true,"UserIdentity{name: 'Clara', surname: 'Mendoza', email: 'clara@acme.com'}",manager2,manager2
user-account-manager-03,true,"UserIdentity{name: 'Samuel', surname: 'Rivas', email: 'samuel@acme.com'}",manager3,manager3
user-account-manager-04,true,"UserIdentity{name: 'No probar', surname: 'con este', email: 'noprobar@acme.com'}",manager4,manager4
user-account-technician-00,true,"UserIdentity{name: 'Juán', surname: 'Fernandez', email: 'juan@acme.com'}",technician0,technician0
user-account-technician-01,true,"UserIdentity{name: 'Antonio', surname: 'Fernandez', email: 'antonio@acme.com'}",technician1,technician1
user-account-technician-02,true,"UserIdentity{name: 'Sebastian', surname: 'Fernandez', email: 'antonio@acme.com'}",technician2,technician2
user-account-technician-03,true,"UserIdentity{name: 'Fernando', surname: 'Fernandez', email: 'antonio@acme.com'}",technician3,technician3
user-account-customer-00,true,"UserIdentity{name: 'Maria', surname: 'Moreno', email: 'maria@acme.com'}",customer0,customer0
user-account-customer-01,true,"UserIdentity{name: 'Raquel', surname: 'Ortega', email: 'almiron@acme.com'}",customer1,customer1
user-account-customer-02,true,"UserIdentity{name: 'Sergio', surname: 'Lopez', email: 'sergio@acme.com'}",customer2,customer2
user-account-customer-03,true,"UserIdentity{name: 'Gabriela', surname: 'Sanchez', email: 'gabriela@acme.com'}",customer3,customer3
user-account-assistance-agent-01,true,"UserIdentity{name: 'Manuel', surname: 'Con', email: 'manuel@acme.com'}",agent1,agent1
user-account-assistance-agent-02,true,"UserIdentity{name: 'Monica', surname: 'nu', email: 'monica@acme.com'}",agent2,agent2
user-account-assistance-agent-03,true,"UserIdentity{name: 'Raquel', surname: 'Tol', email: 'raquel@acme.com'}",agent3,agent3
user-account-flight-crew-member-01,true,"UserIdentity{name: 'Pedro', surname: 'Piloto', email: 'piloto@acme.com'}",member1,member1
user-account-flight-crew-member-02,true,"UserIdentity{name: 'Pablo', surname: 'Copiloto', email: 'copiloto@acme.com'}",member2,member2
user-account-flight-crew-member-03,true,"UserIdentity{name: 'Paco', surname: 'AsistenteDeCabina', email: 'asistentedecabina@acme.com'}",member3,member3
user-account-flight-crew-member-04,true,"UserIdentity{name: 'Paulina', surname: 'AsistentaDeVuelo', email: 'asistentadevuelo@acme.com'}",member4,member4
user-account-flight-crew-member-05,true,"UserIdentity{name: 'Manolo', surname: 'Nuevo', email: 'nuevo@acme.com'}",member,member
user-account-flight-crew-member-00,true,"UserIdentity{name: 'Base', surname: 'Base', email: 'base@acme.com'}",basemember,basemember
user-account-flight-crew-member-06,true,"UserIdentity{name: 'Alex', surname: 'Varela', email: 'alex@acme.com'}",member6,member6
user-account-flight-crew-member-07,true,"UserIdentity{name: 'Bruno', surname: 'Mendez', email: 'bruno@acme.com'}",member7,member7
user-account-flight-crew-member-08,true,"UserIdentity{name: 'Carlos', surname: 'Ortega', email: 'carlosf@acme.com'}",member8,member8
user-account-flight-crew-member-09,true,"UserIdentity{name: 'Diego', surname: 'Santos', email: 'diego@acme.com'}",member9,member9
user-account-flight-crew-member-10,true,"UserIdentity{name: 'Enzo', surname: 'Morales', email: 'enzo@acme.com'}",member10,member10
user-account-flight-crew-member-11,true,"UserIdentity{name: 'Fabio', surname: 'Castillo', email: 'fabio@acme.com'}",member11,member11
user-account-flight-crew-member-12,true,"UserIdentity{name: 'Gonzalo', surname: 'Ramos', email: 'gonzalo@acme.com'}",member12,member12
user-account-flight-crew-member-13,true,"UserIdentity{name: 'Hector', surname: 'Medina', email: 'hectorf@acme.com'}",member13,member13
user-account-flight-crew-member-14,true,"UserIdentity{name: 'Ivan', surname: 'Luna', email: 'ivan@acme.com'}",member14,member14
user-account-flight-crew-member-15,true,"UserIdentity{name: 'Jorge', surname: 'Silva', email: 'jorge@acme.com'}",member15,member15
user-account-flight-crew-member-16,true,"UserIdentity{name: 'Kevin', surname: 'Rey', email: 'kevin@acme.com'}",member16,member16
user-account-flight-crew-member-17,true,"UserIdentity{name: 'Luis', surname: 'Pena', email: 'luisp@acme.com'}",member17,member17
user-account-flight-crew-member-18,true,"UserIdentity{name: 'Mateo', surname: 'Nava', email: 'mateo@acme.com'}",member18,member18
user-account-flight-crew-member-19,true,"UserIdentity{name: 'Nico', surname: 'Ayala', email: 'nico@acme.com'}",member19,member19
user-account-flight-crew-member-20,true,"UserIdentity{name: 'Oscar', surname: 'Sosa', email: 'oscar@acme.com'}",member20,member20
user-account-flight-crew-member-21,true,"UserIdentity{name: 'Pablo', surname: 'Delgado', email: 'pablo@acme.com'}",member21,member21
user-account-flight-crew-member-22,true,"UserIdentity{name: 'Quique', surname: 'Vega', email: 'quique@acme.com'}",member22,member22
user-account-flight-crew-member-23,true,"UserIdentity{name: 'Ramon', surname: 'Marin', email: 'ramon@acme.com'}",member23,member23
user-account-flight-crew-member-24,true,"UserIdentity{name: 'Sergio', surname: 'Rubio', email: 'sergio@acme.com'}",member24,member24
user-account-flight-crew-member-25,true,"UserIdentity{name: 'Tomas', surname: 'Arias', email: 'tomas@acme.com'}",member25,member25
user-account-flight-crew-member-26,true,"UserIdentity{name: 'Ugo', surname: 'Blanco', email: 'ugo@acme.com'}",member26,member26
user-account-flight-crew-member-27,true,"UserIdentity{name: 'Victor', surname: 'Caro', email: 'victor@acme.com'}",member27,member27
user-account-assistance-agent-00,true,"UserIdentity{name: 'Base', surname: 'Base', email: 'base@acme.com'}",basemember2,basemember2
user-account-administrator-02,true,"UserIdentity{name: 'Juán', surname: 'Admin', email: 'a1@acme.com'}",administrator1,administrator1
user-account-administrator-03,true,"UserIdentity{name: 'María', surname: 'Admin', email: 'a2@acme.com'}",administrator2,administrator2
user-account-technician-04,true,"UserIdentity{name: 'Carlos', surname: 'Martinez', email: 'carlos@acme.com'}",technician4,technician4
user-account-technician-05,true,"UserIdentity{name: 'Luis', surname: 'Garcia', email: 'luis@acme.com'}",technician5,technician5
user-account-technician-06,true,"UserIdentity{name: 'Miguel', surname: 'Rodriguez', email: 'miguel@acme.com'}",technician6,technician6
user-account-technician-07,true,"UserIdentity{name: 'Jorge', surname: 'Perez', email: 'jorge@acme.com'}",technician7,technician7
user-account-technician-08,true,"UserIdentity{name: 'Ricardo', surname: 'Gomez', email: 'ricardo@acme.com'}",technician8,technician8
user-account-technician-09,true,"UserIdentity{name: 'Alberto', surname: 'Diaz', email: 'alberto@acme.com'}",technician9,technician9
user-account-technician-10,true,"UserIdentity{name: 'Javier', surname: 'Ruiz', email: 'javier@acme.com'}",technician10,technician10
user-account-technician-11,true,"UserIdentity{name: 'Oscar', surname: 'Vargas', email: 'oscar@acme.com'}",technician11,technician11
user-account-technician-12,true,"UserIdentity{name: 'Rafael', surname: 'Castro', email: 'rafael@acme.com'}",technician12,technician12
user-account-technician-13,true,"UserIdentity{name: 'Andres', surname: 'Jimenez', email: 'andres@acme.com'}",technician13,technician13
user-account-technician-14,true,"UserIdentity{name: 'Felipe', surname: 'Navarro', email: 'felipe@acme.com'}",technician14,technician14
user-account-technician-15,true,"UserIdentity{name: 'Diego', surname: 'Rojas', email: 'diego@acme.com'}",technician15,technician15
user-account-technician-16,true,"UserIdentity{name: 'Enrique', surname: 'Vega', email: 'enrique@acme.com'}",technician16,technician16
user-account-technician-17,true,"UserIdentity{name: 'Raul', surname: 'Silva', email: 'raul@acme.com'}",technician17,technician17
user-account-technician-18,true,"UserIdentity{name: 'Mario', surname: 'Soto', email: 'mario@acme.com'}",technician18,technician18
user-account-technician-19,true,"UserIdentity{name: 'Alejandro', surname: 'Reyes', email: 'alejandro@acme.com'}",technician19,technician19
user-account-technician-20,true,"UserIdentity{name: 'Roberto', surname: 'Molina', email: 'roberto@acme.com'}",technician20,technician20
user-account-technician-21,true,"UserIdentity{name: 'Gustavo', surname: 'Cruz', email: 'gustavo@acme.com'}",technician21,technician21
user-account-technician-22,true,"UserIdentity{name: 'Victor', surname: 'Romero', email: 'victor@acme.com'}",technician22,technician22
user-account-technician-23,true,"UserIdentity{name: 'Hugo', surname: 'Aguilar', email: 'hugo@acme.com'}",technician23,technician23
user-account-technician-24,true,"UserIdentity{name: 'Ivan', surname: 'Mendez', email: 'ivan@acme.com'}",technician24,technician24
user-account-technician-25,true,"UserIdentity{name: 'Adrian', surname: 'Guerrero', email: 'adrian@acme.com'}",technician25,technician25
user-account-technician-26,true,"UserIdentity{name: 'Cesar', surname: 'Medina', email: 'cesar@acme.com'}",technician26,technician26
user-account-technician-27,true,"UserIdentity{name: 'Emilio', surname: 'Guzman', email: 'emilio@acme.com'}",technician27,technician27
user-account-technician-28,true,"UserIdentity{name: 'Mauricio', surname: 'Campos', email: 'mauricio@acme.com'}",technician28,technician28
user-account-technician-29,true,"UserIdentity{name: 'Rodrigo', surname: 'Ibarra', email: 'rodrigo@acme.com'}",technician29,technician29
user-account-technician-30,true,"UserIdentity{name: 'Leonardo', surname: 'Rios', email: 'leonardo@acme.com'}",technician30,technician30
user-account-technician-31,true,"UserIdentity{name: 'Eduardo', surname: 'Flores', email: 'eduardo@acme.com'}",technician31,technician31
user-account-technician-32,true,"UserIdentity{name: 'Arturo', surname: 'Delgado', email: 'arturo@acme.com'}",technician32,technician32
user-account-technician-33,true,"UserIdentity{name: 'Hector', surname: 'Camacho', email: 'hector@acme.com'}",technician33,technician33
user-account-technician-34,true,"UserIdentity{name: 'Marcos', surname: 'Acosta', email: 'marcos2@acme.com'}",technician34,technician34
user-account-technician-35,true,"UserIdentity{name: 'Pablo', surname: 'Nunez', email: 'pablo2@acme.com'}",technician35,technician35
user-account-technician-36,true,"UserIdentity{name: 'Gabriel', surname: 'Lara', email: 'gabriel@acme.com'}",technician36,technician36
user-account-technician-37,true,"UserIdentity{name: 'Daniel', surname: 'Pena', email: 'daniel2@acme.com'}",technician37,technician37
user-account-manager-05,true,"UserIdentity{name: 'Patricia', surname: 'Ramirez', email: 'patricia@acme.com'}",manager5,manager5
user-account-manager-06,true,"UserIdentity{name: 'Laura', surname: 'Gonzalez', email: 'laura@acme.com'}",manager6,manager6
user-account-manager-07,true,"UserIdentity{name: 'Carmen', surname: 'Diaz', email: 'carmen@acme.com'}",manager7,manager7
user-account-manager-08,true,"UserIdentity{name: 'Rosa', surname: 'Martinez', email: 'rosa@acme.com'}",manager8,manager8
user-account-manager-09,true,"UserIdentity{name: 'Ana', surname: 'Garcia', email: 'ana@acme.com'}",manager9,manager9
user-account-manager-10,true,"UserIdentity{name: 'Isabel', surname: 'Rodriguez', email: 'isabel@acme.com'}",manager10,manager10
user-account-manager-11,true,"UserIdentity{name: 'Elena', surname: 'Perez', email: 'elena@acme.com'}",manager11,manager11
user-account-manager-12,true,"UserIdentity{name: 'Sofia', surname: 'Lopez', email: 'sofia@acme.com'}",manager12,manager12
user-account-manager-13,true,"UserIdentity{name: 'Marta', surname: 'Sanchez', email: 'marta@acme.com'}",manager13,manager13
user-account-manager-14,true,"UserIdentity{name: 'Julia', surname: 'Ruiz', email: 'julia@acme.com'}",manager14,manager14
user-account-manager-15,true,"UserIdentity{name: 'Lucia', surname: 'Gomez', email: 'lucia@acme.com'}",manager15,manager15
user-account-manager-16,true,"UserIdentity{name: 'Pilar', surname: 'Castro', email: 'pilar@acme.com'}",manager16,manager16
user-account-manager-17,true,"UserIdentity{name: 'Teresa', surname: 'Vargas', email: 'teresa@acme.com'}",manager17,manager17
user-account-manager-18,true,"UserIdentity{name: 'Angela', surname: 'Jimenez', email: 'angela@acme.com'}",manager18,manager18
user-account-manager-19,true,"UserIdentity{name: 'Beatriz', surname: 'Navarro', email: 'beatriz@acme.com'}",manager19,manager19
user-account-manager-20,true,"UserIdentity{name: 'Cristina', surname: 'Rojas', email: 'cristina@acme.com'}",manager20,manager20
user-account-manager-21,true,"UserIdentity{name: 'Dolores', surname: 'Vega', email: 'dolores@acme.com'}",manager21,manager21
user-account-manager-22,true,"UserIdentity{name: 'Eva', surname: 'Silva', email: 'eva@acme.com'}",manager22,manager22
user-account-manager-23,true,"UserIdentity{name: 'Francisca', surname: 'Soto', email: 'francisca@acme.com'}",manager23,manager23
user-account-manager-24,true,"UserIdentity{name: 'Gloria', surname: 'Reyes', email: 'gloria@acme.com'}",manager24,manager24
user-account-manager-25,true,"UserIdentity{name: 'Inmaculada', surname: 'Molina', email: 'inmaculada@acme.com'}",manager25,manager25
user-account-manager-26,true,"UserIdentity{name: 'Josefa', surname: 'Cruz', email: 'josefa@acme.com'}",manager26,manager26
user-account-manager-27,true,"UserIdentity{name: 'Manuela', surname: 'Romero', email: 'manuela@acme.com'}",manager27,manager27
user-account-manager-28,true,"UserIdentity{name: 'Nuria', surname: 'Aguilar', email: 'nuria@acme.com'}",manager28,manager28
user-account-manager-29,true,"UserIdentity{name: 'Olga', surname: 'Mendez', email: 'olga@acme.com'}",manager29,manager29
user-account-manager-30,true,"UserIdentity{name: 'Rocio', surname: 'Guerrero', email: 'rocio@acme.com'}",manager30,manager30
user-account-assistance-agent-04,true,"UserIdentity{name: 'Silvia', surname: 'Blanco', email: 'silvia@acme.com'}",agent4,agent4
user-account-assistance-agent-05,true,"UserIdentity{name: 'Valeria', surname: 'Alonso', email: 'valeria@acme.com'}",agent5,agent5
user-account-assistance-agent-06,true,"UserIdentity{name: 'Adriana', surname: 'Serrano', email: 'adriana@acme.com'}",agent6,agent6
user-account-assistance-agent-07,true,"UserIdentity{name: 'Natalia', surname: 'Iglesias', email: 'natalia@acme.com'}",agent7,agent7
user-account-assistance-agent-08,true,"UserIdentity{name: 'Claudia', surname: 'Prieto', email: 'claudia@acme.com'}",agent8,agent8
user-account-assistance-agent-09,true,"UserIdentity{name: 'Paula', surname: 'Ortiz', email: 'paula@acme.com'}",agent9,agent9
user-account-assistance-agent-10,true,"UserIdentity{name: 'Sara', surname: 'Rubio', email: 'sara@acme.com'}",agent10,agent10
user-account-assistance-agent-11,true,"UserIdentity{name: 'Diana', surname: 'Mora', email: 'diana@acme.com'}",agent11,agent11
user-account-assistance-agent-12,true,"UserIdentity{name: 'Carla', surname: 'Marin', email: 'carla@acme.com'}",agent12,agent12
user-account-assistance-agent-13,true,"UserIdentity{name: 'Alicia', surname: 'Pascual', email: 'alicia@acme.com'}",agent13,agent13
user-account-assistance-agent-14,true,"UserIdentity{name: 'Sandra', surname: 'Cano', email: 'sandra@acme.com'}",agent14,agent14
user-account-assistance-agent-15,true,"UserIdentity{name: 'Veronica', surname: 'Garrido', email: 'veronica@acme.com'}",agent15,agent15
user-account-assistance-agent-16,true,"UserIdentity{name: 'Irene', surname: 'Cabrera', email: 'irene@acme.com'}",agent16,agent16
user-account-assistance-agent-17,true,"UserIdentity{name: 'Esther', surname: 'Leon', email: 'esther@acme.com'}",agent17,agent17
user-account-assistance-agent-18,true,"UserIdentity{name: 'Miriam', surname: 'Bautista', email: 'miriam@acme.com'}",agent18,agent18
user-account-assistance-agent-19,true,"UserIdentity{name: 'Lorena', surname: 'Carrasco', email: 'lorena@acme.com'}",agent19,agent19
user-account-assistance-agent-20,true,"UserIdentity{name: 'Sonia', surname: 'Villar', email: 'sonia@acme.com'}",agent20,agent20
user-account-assistance-agent-21,true,"UserIdentity{name: 'Yolanda', surname: 'Dominguez', email: 'yolanda@acme.com'}",agent21,agent21
user-account-assistance-agent-22,true,"UserIdentity{name: 'Amparo', surname: 'Oviedo', email: 'amparo@acme.com'}",agent22,agent22
user-account-assistance-agent-23,true,"UserIdentity{name: 'Montserrat', surname: 'Cortes', email: 'montserrat@acme.com'}",agent23,agent23
user-account-assistance-agent-24,true,"UserIdentity{name: 'Cristina', surname: 'Calvo', email: 'cristina2@acme.com'}",agent24,agent24
user-account-assistance-agent-25,true,"UserIdentity{name: 'Susana', surname: 'Benitez', email: 'susana@acme.com'}",agent25,agent25
user-account-assistance-agent-26,true,"UserIdentity{name: 'Victoria', surname: 'Ramos', email: 'victoria@acme.com'}",agent26,agent26
user-account-assistance-agent-27,true,"UserIdentity{name: 'Raquel', surname: 'Fuentes', email: 'raquel2@acme.com'}",agent27,agent27
user-account-assistance-agent-28,true,"UserIdentity{name: 'Encarna', surname: 'Soler', email: 'encarna@acme.com'}",agent28,agent28
user-account-assistance-agent-29,true,"UserIdentity{name: 'Mercedes', surname: 'Pardo', email: 'mercedes@acme.com'}",agent29,agent29
user-account-assistance-agent-30,true,"UserIdentity{name: 'Antonia', surname: 'Gallego', email: 'antonia2@acme.com'}",agent30,agent30
user-account-assistance-agent-31,true,"UserIdentity{name: 'Consuelo', surname: 'Esteban', email: 'consuelo@acme.com'}",agent31,agent31
user-account-assistance-agent-32,true,"UserIdentity{name: 'Rosario', surname: 'Bravo', email: 'rosario@acme.com'}",agent32,agent32
user-account-assistance-agent-33,true,"UserIdentity{name: 'Concepcion', surname: 'Hidalgo', email: 'concepcion@acme.com'}",agent33,agent33
user-account-assistance-agent-34,true,"UserIdentity{name: 'Remedios', surname: 'Vicente', email: 'remedios@acme.com'}",agent34,agent34
user-account-assistance-agent-35,true,"UserIdentity{name: 'Milagros', surname: 'Velasco', email: 'milagros@acme.com'}",agent35,agent35
user-account-assistance-agent-36,true,"UserIdentity{name: 'Araceli', surname: 'Saez', email: 'araceli@acme.com'}",agent36,agent36
user-account-assistance-agent-37,true,"UserIdentity{name: 'Matilde', surname: 'Herrero', email: 'matilde@acme.com'}",agent37,agent37
user-account-assistance-agent-38,true,"UserIdentity{name: 'Nieves', surname: 'Moya', email: 'nieves@acme.com'}",agent38,agent38
user-account-assistance-agent-39,true,"UserIdentity{name: 'Asuncion', surname: 'Morales', email: 'asuncion@acme.com'}",agent39,agent39
user-account-assistance-agent-40,true,"UserIdentity{name: 'Covadonga', surname: 'Santana', email: 'covadonga@acme.com'}",agent40,agent40
user-account-assistance-agent-41,true,"UserIdentity{name: 'Purificacion', surname: 'Lozano', email: 'purificacion@acme.com'}",agent41,agent41
user-account-assistance-agent-42,true,"UserIdentity{name: 'Esperanza', surname: 'Gimenez', email: 'esperanza@acme.com'}",agent42,agent42
user-account-assistance-agent-43,true,"UserIdentity{name: 'Guadalupe', surname: 'Carmona', email: 'guadalupe@acme.com'}",agent43,agent43
user-account-assistance-agent-44,true,"UserIdentity{name: 'Casilda', surname: 'Marquez', email: 'casilda@acme.com'}",agent44,agent44
user-account-assistance-agent-45,true,"UserIdentity{name: 'Trinidad', surname: 'Lara', email: 'trinidad@acme.com'}",agent45,agent45
user-account-assistance-agent-46,true,"UserIdentity{name: 'Visitacion', surname: 'Exposito', email: 'visitacion@acme.com'}",agent46,agent46
user-account-assistance-agent-47,true,"UserIdentity{name: 'Perpetua', surname: 'Gallardo', email: 'perpetua@acme.com'}",agent47,agent47
user-account-assistance-agent-48,true,"UserIdentity{name: 'Adoracion', surname: 'Ferrer', email: 'adoracion@acme.com'}",agent48,agent48
user-account-assistance-agent-49,true,"UserIdentity{name: 'Ascension', surname: 'Caballero', email: 'ascension@acme.com'}",agent49,agent49
user-account-assistance-agent-50,true,"UserIdentity{name: 'Candelaria', surname: 'Nieto', email: 'candelaria@acme.com'}",agent50,agent50
user-account-assistance-agent-54,true,"UserIdentity{name: 'Inmaculada', surname: 'Reyes', email: 'inmaculada2@acme.com'}",agent54,agent54
user-account-assistance-agent-55,true,"UserIdentity{name: 'Genoveva', surname: 'Lorenzo', email: 'genoveva@acme.com'}",agent55,agent55
user-account-assistance-agent-56,true,"UserIdentity{name: 'Aurelia', surname: 'Milan', email: 'aurelia@acme.com'}",agent56,agent56
user-account-assistance-agent-57,true,"UserIdentity{name: 'Belen', surname: 'Ortega', email: 'belen@acme.com'}",agent57,agent57
user-account-assistance-agent-58,true,"UserIdentity{name: 'Celia', surname: 'Pereira', email: 'celia@acme.com'}",agent58,agent58
user-account-assistance-agent-59,true,"UserIdentity{name: 'Dolores', surname: 'Sanchez', email: 'dolores2@acme.com'}",agent59,agent59
user-account-assistance-agent-60,true,"UserIdentity{name: 'Elisa', surname: 'Morales', email: 'elisa@acme.com'}",agent60,agent60
user-account-assistance-agent-61,true,"UserIdentity{name: 'Fabiola', surname: 'Ramos', email: 'fabiola@acme.com'}",agent61,agent61
user-account-assistance-agent-62,true,"UserIdentity{name: 'Gloria', surname: 'Dominguez', email: 'gloria2@acme.com'}",agent62,agent62
user-account-assistance-agent-63,true,"UserIdentity{name: 'Helga', surname: 'Nunez', email: 'helga@acme.com'}",agent63,agent63
user-account-assistance-agent-64,true,"UserIdentity{name: 'Iria', surname: 'Castillo', email: 'iria@acme.com'}",agent64,agent64
user-account-assistance-agent-65,true,"UserIdentity{name: 'Juana', surname: 'Ledesma', email: 'juana@acme.com'}",agent65,agent65
user-account-assistance-agent-66,true,"UserIdentity{name: 'Karla', surname: 'Vargas', email: 'karla@acme.com'}",agent66,agent66
user-account-assistance-agent-67,true,"UserIdentity{name: 'Lola', surname: 'Prieto', email: 'lola@acme.com'}",agent67,agent67
user-account-assistance-agent-68,true,"UserIdentity{name: 'Marina', surname: 'Cano', email: 'marina@acme.com'}",agent68,agent68
user-account-assistance-agent-69,true,"UserIdentity{name: 'Nadia', surname: 'Pardo', email: 'nadia@acme.com'}",agent69,agent69
user-account-assistance-agent-70,true,"UserIdentity{name: 'Olivia', surname: 'Alvarez', email: 'olivia@acme.com'}",agent70,agent70
user-account-assistance-agent-71,true,"UserIdentity{name: 'Patricia', surname: 'Soler', email: 'patricia2@acme.com'}",agent71,agent71
user-account-assistance-agent-72,true,"UserIdentity{name: 'Rita', surname: 'Bravo', email: 'rita@acme.com'}",agent72,agent72
user-account-assistance-agent-73,true,"UserIdentity{name: 'Susana', surname: 'Herrera', email: 'susana2@acme.com'}",agent73,agent73
user-account-assistance-agent-74,true,"UserIdentity{name: 'Teresa', surname: 'Mora', email: 'teresa2@acme.com'}",agent74,agent74
user-account-customer-04,true,"UserIdentity{name: 'Customer', surname: 'User', email: 'customer-04@acme.com'}",customer4,customer4
user-account-customer-05,true,"UserIdentity{name: 'Customer', surname: 'User', email: 'customer-05@acme.com'}",customer5,customer5
user-account-customer-06,true,"UserIdentity{name: 'Customer', surname: 'User', email: 'customer-06@acme.com'}",customer6,customer6
user-account-customer-07,true,"UserIdentity{name: 'Customer', surname: 'User', email: 'customer-07@acme.com'}",customer7,customer7
user-account-customer-08,true,"UserIdentity{name: 'Customer', surname: 'User', email: 'customer-08@acme.com'}",customer8,customer8
user-account-customer-09,true,"UserIdentity{name: 'Customer', surname: 'User', email: 'customer-09@acme.com'}",customer9,customer9
user-account-customer-10,true,"UserIdentity{name: 'Customer', surname: 'User', email: 'customer-10@acme.com'}",customer10,customer10
user-account-customer-11,true,"UserIdentity{name: 'Customer', surname: 'User', email: 'customer-11@acme.com'}",customer11,customer11
user-account-customer-12,true,"UserIdentity{name: 'Customer', surname: 'User', email: 'customer-12@acme.com'}",customer12,customer12
user-account-customer-13,true,"UserIdentity{name: 'Customer', surname: 'User', email: 'customer-13@acme.com'}",customer13,customer13
user-account-customer-14,true,"UserIdentity{name: 'Customer', surname: 'User', email: 'customer-14@acme.com'}",customer14,customer14
user-account-customer-15,true,"UserIdentity{name: 'Customer', surname: 'User', email: 'customer-15@acme.com'}",customer15,customer15
user-account-customer-16,true,"UserIdentity{name: 'Customer', surname: 'User', email: 'customer-16@acme.com'}",customer16,customer16
user-account-customer-17,true,"UserIdentity{name: 'Customer', surname: 'User', email: 'customer-17@acme.com'}",customer17,customer17
user-account-customer-18,true,"UserIdentity{name: 'Customer', surname: 'User', email: 'customer-18@acme.com'}",customer18,customer18
user-account-customer-19,true,"UserIdentity{name: 'Customer', surname: 'User', email: 'customer-19@acme.com'}",customer19,customer19
user-account-customer-20,true,"UserIdentity{name: 'Customer', surname: 'User', email: 'customer-20@acme.com'}",customer20,customer20
user-account-customer-21,true,"UserIdentity{name: 'Customer', surname: 'User', email: 'customer-21@acme.com'}",customer21,customer21
user-account-customer-22,true,"UserIdentity{name: 'Customer', surname: 'User', email: 'customer-22@acme.com'}",customer22,customer22
user-account-customer-23,true,"UserIdentity{name: 'Customer', surname: 'User', email: 'customer-23@acme.com'}",customer23,customer23
user-account-customer-24,true,"UserIdentity{name: 'Customer', surname: 'User', email: 'customer-24@acme.com'}",customer24,customer24
user-account-customer-25,true,"UserIdentity{name: 'Customer', surname: 'User', email: 'customer-25@acme.com'}",customer25,customer25
user-account-customer-26,true,"UserIdentity{name: 'Customer', surname: 'User', email: 'customer-26@acme.com'}",customer26,customer26
user-account-customer-27,true,"UserIdentity{name: 'Customer', surname: 'User', email: 'customer-27@acme.com'}",customer27,customer27
user-account-customer-28,true,"UserIdentity{name: 'Customer', surname: 'User', email: 'customer-28@acme.com'}",customer28,customer28
user-account-customer-29,true,"UserIdentity{name: 'Customer', surname: 'User', email: 'customer-29@acme.com'}",customer29,customer29
user-account-customer-30,true,"UserIdentity{name: 'Customer', surname: 'User', email: 'customer-30@acme.com'}",customer30,customer30
user-account-customer-31,true,"UserIdentity{name: 'Customer', surname: 'User', email: 'customer-31@acme.com'}",customer31,customer31
user-account-customer-32,true,"UserIdentity{name: 'Customer', surname: 'User', email: 'customer-32@acme.com'}",customer32,customer32
user-account-customer-33,true,"UserIdentity{name: 'Customer', surname: 'User', email: 'customer-33@acme.com'}",customer33,customer33
user-account-customer-34,true,"UserIdentity{name: 'Customer', surname: 'User', email: 'customer-34@acme.com'}",customer34,customer34
user-account-customer-35,true,"UserIdentity{name: 'Customer', surname: 'User', email: 'customer-35@acme.com'}",customer35,customer35
user-account-customer-36,true,"UserIdentity{name: 'Customer', surname: 'User', email: 'customer-36@acme.com'}",customer36,customer36
user-account-customer-37,true,"UserIdentity{name: 'Customer', surname: 'User', email: 'customer-37@acme.com'}",customer37,customer37
user-account-customer-38,true,"UserIdentity{name: 'Customer', surname: 'User', email: 'customer-38@acme.com'}",customer38,customer38
user-account-customer-39,true,"UserIdentity{name: 'Customer', surname: 'User', email: 'customer-39@acme.com'}",customer39,customer39